Sustantivos,sustantivos
Aguacate,aguacate
Avión,avion
Amor,amor
Anillo,anillo
Árbol,arbol
Administración,administracion
Araña,araña
Abeja,abeja
Automóvil,automovil
Academia,academia
Arte,arte
Arquitectura,arquitectura
Animación,animacion
Agronomía,agronomia
Astronomía,astronomia
Ambiente,ambiente
Archivo,archivo
Asesoría,asesoria
Ambulancia,ambulancia
Anuncio,anuncio
Átomo,atomo
Almacén,almacen
Asfixia,asfixia
Asma,asma
Alga,alga
Arrecife,arrecife
Arroyo,arroyo
Acantilado,acantilado
Archipiélago,archipielago
Arena,arena
Balón,balon
Botella,botella
Biología,biologia
Biografía,biografia
Barba,barba
Beso,beso
Basílica,basilica
Barco,barco
Bolsa,bolsa
Bufanda,bufanda
Bota,bota
Bicicleta,bicicleta
Ballena,ballena
Bandera,bandera
Biberón,biberon
Bachillerato,bachillerato
Beneficio,beneficio
Boda,boda
Boca,boca
Bocina,bocina
Banco,banco
Billetera,billetera
Beca,beca
Bosque,bosque
Bueno,bueno
Basura,basura
Bingo,bingo
Belleza,belleza
Casa,casa
Calabaza,calabaza
Cazo,cazo
Cera,cera
Ciencia,ciencia
Cena,cena
Cebolla,cebolla
Calidad,calidad
Carta,carta
Cultura,cultura
Cereza,cereza
Computadora,computadora
Celular,celular
Calendario,calendario
Clima,clima
Canción,cancion
Canasta,canasta
Consejo,consejo
Capital,capital
Comunicación,comunicacion
Colegio,colegio
Colegiatura,colegiatura
Correo,correo
Campus,campus
Consenso,consenso
Coco,coco
Cocina,cocina
Cirugía,cirugia
Cirujano,cirujano
Comunidad,comunidad
Cubo,cubo
Colono,Colono
Contabilidad,contabilidad
Cuatrimestre,cuatrimestre
Comercio,comercio
Cuerpo,cuerpo
Comerciante,comerciante
Chamarra,chamarra
Calculadora,calculadora
Camisa,camisa
Camiseta,camiseta
Corona,corona
Carrera,carrera
Convenio,convenio
Compra,compra
Comprar,comprar
Crédito,credito
Cola,cola
Cara,cara
Discurso,discurso
Declarar,declarar
Dentífrico,dentifrico
Dentista,dentista
Diente,diente
Doctor,doctor
Documento,documento
Director,director
Durazno,durazno
Doncella,doncella
Dados,dados
Dinero,dinero
Diseño,diseño
Digital,digital
Duende,duende
Diseñador,diseñador
Dinosaurio,dinosaurio
Diamante,diamante
Democracia,democracia
Dorso,dorso
Donación,donacion
Duque,duque
Domingo,domingo
Delantal,delantal
Decano,decano
Dulce,dulce
Defensa,defensa
Decálogo,decalogo
Deseo,deseo
Dominó,domino
Derramar,derramar
Detallar,detallar
Divisa,divisa
Dormir,dormir
Dadaísmo,dadaismo
Delfín,delfin
Deporte,deporte
Elefante,elefante
Espejo,espejo
Enchufe,enchufe
Embudo,embudo
Estrella,estrella
Erizo,erizo
Economía,economia
Ecología,ecologia
Emprendimiento,emprendimiento
Equipo,equipo
Escoba,escoba
Escalera,escalera
Educación,educacion
Estudio,estudio
Estudiar,estudiar
Estudiante,estudiante
Empleo,empleo
Escuela,escuela
Empleado,empleado
Empresa,empresa
Empresario,empresario
Empanada,empanada
Ecuador,ecuador
Enano,enano
Enfermedad,enfermedad
Enfermera,enfermera
Escorpión,escorpion
Escopeta,escopeta
Escarabajo,escarabajo
Edificio,edificio
Electrónica,electronica
Espada,espada
Faro,faro
Flor,flor
Foco,foco
Foto,foto
Filosofía,filosofia
Filosofo,filosofo
Fila,fila
Filete,filete
Fideos,fideos
Ficha,ficha
Fiesta,fiesta
Financiero,financiero
Falda,falda
Felino,felino
Fecha,fecha
Fuera,fuera
Fuerza,fuerza
Fútbol,futbol
Funda,funda
Filántropo,filantropo
Filantropía,filantropia
Fresa,fresa
Fruta,fruta
Flan,flan
Furgoneta,furgoneta
Fuego,fuego
Finanzas,finanzas
Galleta,galleta
Garganta,garganta
Gente,gente
Guantes,guantes
Gráfico,grafico
Gélido,gelido
General,general
Garantía,garantia
Gestión,gestion
Guía,guia
Hotel,hotel
Hada,hada
Harina,harina
Herramienta,herramienta
Hazaña,hazaña
Habano,habano
Hangar,hangar
Habanero,habanero
Habichuela,habichuela
Huracán,huracan
Habitante,habitante
Hogar,hogar
Habitación,habitacion
Hacker,hacker
Hacha,hacha
Hebreo,hebreo
Hombre,hombre
Hombro,hombro
Homenaje,homenaje
Hospital,hospital
Historia,historia
Hielo,hielo
Himno,himno
Histeria,histeria
Hola,hola
Hoja,hoja
Huevo,huevo
Hueco,hueco
Hornear,hornear
Hijo,hijo
Hervir,hervir
Hierba,hierba
Hongo,hongo
Hierbabuena,hierbabuena
Hipo,hipo
Hipótesis,hipotesis
Herbívoro,herbivoro
Helecho,helecho
Huésped,huesped
Huir,huir
Huelga,huelga
Hipérbole,hiperbole
Hipérbaton,hiperbaton
Hacinamiento,hacinamiento
Herencia,herencia
Héroe,heroe
Iglesia,iglesia
Iglú,iglu
Isla,isla
Imán,iman
Idea,idea
Ideal,ideal
Icono,icono
Industria,industria
Industrial,industrial
Ingeniero,ingeniero
Ingeniería,ingenieria
Idéntico,identico
Identidad,identidad
Ideología,ideologia
Idioma,idioma
Ignorar,ignorar
Ignorancia,ignorancia
Ilegible,ilegible
Ilegalidad,ilegalidad
Internacional,internacional
Ileso,ileso
Ilógico,ilogico
Iluminar,iluminar
Iluminación,iluminacion
Ilusión,ilusion
Interés,interes
Imitar,imitar
Imitación,imitacion
Impacto,impacto
Imparcial,imparcial
Inimaginable,inimaginable
Imperio,imperio
Ímpetu,impetu
Implementar,implementar
Impuesto,impuesto
Inauguración,inauguracion
Incetivo,incetivo
Incoloro,incoloro
Inoloro,inoloro
Insípido,insipido
Inglés,ingles
Ironía,ironia
Irritar,irritar
Itinerario,itinerario
Invertir,invertir
Inversión,inversion
Imaginación,imaginacion
Indio,indio
Incendio,incendio
Instituto,instituto
Imagen,imagen
Impresora,impresora
Inyección,inyeccion
Invierno,invierno
Italia,italia
Ídolo,idolo
Instrumento,instrumento
Invernar,invernar
Insomnio,insomnio
Instinto,instinto
Inquilino,inquilino
Joya,joya
Juguete,juguete
Juguetería,jugueteria
Juguetón,jugueton
Jaula,jaula
Joyería,joyeria
Joyero,joyero
Jirafa,jirafa
Jaguar,jaguar
Joroba,joroba
Jarra,jarra
Jarro,jarro
Jarrón,jarron
Jeringa,jeringa
Joven,joven
Jabalí,jabali
Jabalina,jabalina
Jabón,jabon
Jacal,jacal
Jacinto,jacinto
Jovial,jovial
Jactancia,jactancia
Jactarse,jactarse
Jacuzzi,jacuzzi
Jade,jade
Jadear,jadear
Jalar,jalar
Jalón,jalon
Juicio,juicio
Jocoque,jocoque
Jamón,jamon
Japón,japon
Japones,japones
Jaqueca,jaqueca
Jaque,jaque
Jarabe,jarabe
Jardín,jardin
Jardinera,jardinera
Jardinero,jardinero
Jaspe,jaspe
Jauría,jauria
Jazmín,jazmin
Jazz,jazz
Júbilo,jubilo
Júnior,junior
Júpiter,jupiter
Jefe,jefe
Jengibre,jengibre
Jerarquía,jerarquia
Jerarquizar,jerarquizar
Jerez,jerez
Jerga,jerga
Jeroglífico,jeroglifico
Jersey,jersey
Jinete,jinete
Jornal,jornal
Jornada,jornada
Jornalero,jornalero
Jorobado,jorobado
Jota,jota
Juanete,juanete
Jubilado,jubilado
Jubilación,jubilacion
Judío,judio
Juglar,juglar
Jungla,jungla
Jumento,jumento
Junio,junio
Junta,junta
Jurado,jurado
Juramento,juramento
Jurar,jurar
Jurisdicción,jurisdiccion
Justicia,justicia
Justificar,justificar
Justo,justo
Juventud,juventud
Juzgado,juzgado
Juzgar,juzgar
Karate,karate
Karaoke,karaoke
Kiwi,kiwi
Koala,koala
Kermes,kermes
Kilo,kilo
Kilogramo,kilogramo
Kilómetro,kilometro
Kínder,kinder
Kimono,kimono
Karma,karma
Keniano,keniano
Kétchup,ketchup
Kenia,kenia
Licenciado,licenciado
Lápiz,lapiz
Liderazgo,liderazgo
Líder,lider
Lampara,lampara
Lana,lana
Langosta,langosta
Lata,lata
Libro,libro
Lavar,lavar
Luna,luna
Luciérnaga,luciernaga
Ladrón,ladron
León,leon
Línea,linea
Loro,loro
Lógica,logica
Loción,locion
Lomo,lomo
Literatura,literatura
Literal,literal
Logró,logro
Loco,loco
Lechuga,lechuga
Lagarto,lagarto
Lagartija,lagartija
Lobo,lobo
Limón,limon
Mano,mano
Mamá,mama
Modelo,modelo
Mapa,mapa
Mar,mar
Mariposa,mariposa
Música,musica
Maestro,maestro
Mesa,mesa
Mercadotecnia,mercadotecnia
Medicina,medicina
Medicamento,medicamento
Motor,motor
Mecánica,mecanica
Mecánico,mecanico
Mecatrónica,mecatronica
Móvil,movil
Materia,materia
Material,material
Mezclilla,mezclilla
Mío,mio
Momia,momia
Misa,misa
Molino,molino
Muela,muela
Mochila,mochila
Mono,mono
Meditar,meditar
México,mexico
Madagascar,madagascar
Marca,marca
Mudanza,mudanza
Multiplicación,multiplicacion
Microsoft,microsoft
Nombre,nombre
Negro,negro
Nadar,nadar
Niño,niño
Nube,nube
Nota,nota
Nido,nido
Norte,norte
Negocio,negocio
Necesidad,necesidad
Naranja,naranja
Nariz,nariz
Nave,nave
Noche,noche
Nata,nata
Nuez,nuez
Nevera,nevera
Nutrición,nutricion
Nutriólogo,nutriologo
Neurología,neurologia
Neurólogo,neurologo
Noticia,noticia
Nación,nacion
Nacional,nacional
Nieve,nieve
Neblina,neblina
Oso,oso
Ojo,ojo
Organización,organizacion
Oveja,oveja
Oruga,oruga
Ostra,ostra
Olla,olla
Oro,oro
Ola,ola
Ordenador,ordenador
Olimpiada,olimpiada
Obispo,obispo
Ovni,ovni
Ogro,ogro
Oreja,oreja
Olor,olor
Oliva,oliva
Onda,onda
Oficina,oficina
Oficio,oficio
Oficial,oficial
Óvulo,ovulo
Olfato,olfato
Ombligo,ombligo
Orquesta,orquesta
Otoño,otoño
Occidente,occidente
Oscuridad,oscuridad
Oferta,oferta
Onza,onza
Oráculo,oraculo
Obsequio,obsequio
Obesidad,obesidad
Obra,obra
Obtuso,obtuso
Obsoleto,obsoleto
Ocaso,ocaso
Obstáculo,obstaculo
Ocre,ocre
Odio,odio
Ofrenda,ofrenda
Opueto,opueto
Óptimo,optimo
Optimismo,optimismo
Orbe,orbe
Órbita,orbita
Orden,orden
Original,original
Ornamenta,ornamenta
Overol,overol
Óptica,optica
Opinión,opinion
Omega,omega
Ósmosis,osmosis
Orgullo,orgullo
Ocultar,ocultar
Ocupar,ocupar
Ópera,opera
Observar,observar
Obligar,obligar
Ordeñar,ordeñar
Odiar,odiar
Ostentar,ostentar
Obtener,obtener
Ofender,ofender
Olvidar,olvidar
Oprimir,oprimir
Omitir,omitir
Operar,operar
Opinar,opinar
Ordenar,ordenar
Pera,pera
Pingüino,pingüino
Plancha,plancha
Paraguas,paraguas
Portero,portero
Policía,policia
Pasta,pasta
Políglota,poliglota
Psicología,psicologia
Psicólogo,psicologo
Pavo,pavo
Pelota,pelota
Pez,pez
Pescado,pescado
Palmera,palmera
Pandereta,pandereta
Payaso,payaso
Peine,peine
Peregrino,peregrino
Pato,pato
Playa,playa
Plato,plato
Pelo,pelo
Pie,pie
Pantalón,pantalon
Plural,plural
Palacio,palacio
Puerto,puerto
Primaria,primaria
Preparatoria,preparatoria
Profesor,profesor
Préstamo,prestamo
Prestar,prestar
Posdata,posdata
Pasante,pasante
Profesión,profesion
Potable,potable
Perú,peru
Portugal,portugal
Pectorales,pectorales
Población,poblacion
Poblado,poblado
Patagonia,patagonia
Pirineos,pirineos
Primavera,primavera
Publicidad,publicidad
Pedagogía,pedagogia
Pedagogo,pedagogo
Poema,poema
Poeta,poeta
Poesía,poesia
Político,politico
Política,politica
Politólogo,politologo
Queso,queso
Química,quimica
Querubín,querubin
Quena,quena
Quero,quero
Quetzal,quetzal
Quijada,quijada
Quimera,quimera
Químico,quimico
Quelite,quelite
Qatar,qatar
Quórum,quorum
Quejido,quejido
Quilate,quilate
Quilla,quilla
Quitamanchas,quitamanchas
Queja,queja
Quebrantahuesos,quebrantahuesos
Quirófano,quirofano
Quijote,quijote
Quincena,quincena
Quemadura,quemadura
Rama,rama
Rana,rana
Rodilla,rodilla
Raíz,raiz
Ropa,ropa
Robot,robot
Robótica,robotica
Ropero,ropero
Remo,remo
Relámpago,relampago
Reciclaje,reciclaje
Río,rio
Risa,risa
Roncar,roncar
Roca,roca
Rodillo,rodillo
Rubia,rubia
Raqueta,raqueta
Reloj,reloj
Rey,rey
Rinoceronte,rinoceronte
Rojo,rojo
Rueda,rueda
Rosa,rosa
Regalo,regalo
Sapo,sapo
Suma,suma
Sistema,sistema
Sandía,sandia
Silla,silla
Sombrilla,sombrilla
Sopa,sopa
Saco,saco
Seña,seña
Sala,sala
Sol,sol
Sirena,sirena
Serrucho,serrucho
Sonaja,sonaja
Semana,semana
Sombrero,sombrero
Sabiduría,sabiduria
Sustentable,sustentable
Semestre,semestre
Salsa,salsa
Secundaria,secundaria
Secretaria,secretaria
Sismo,sismo
Sueño,sueño
Suerte,suerte
Sábado,sabado
Sabático,sabatico
Sabor,sabor
Sabotear,sabotear
Sabroso,sabroso
Sabueso,sabueso
Sacapuntas,sacapuntas
Sacarina,sacarina
Saciar,saciar
Sabana,sabana
Sacudir,sacudir
Sagaz,sagaz
Salado,salado
Sartén,sarten
Sebo,sebo
Secador,secador
Secreto,secreto
Secuencia,secuencia
Sed,sed
Sedán,sedan
Sedentario,sedentario
Sedimento,sedimento
Seducir,seducir
Seductor,seductor
Segmento,segmento
Segregar,segregar
Seguir,seguir
Somnífero,somnifero
Seleccionar,seleccionar
Sellar,sellar
Selva,selva
Semáforo,semaforo
Sembrar,sembrar
Sendero,sendero
Sentido,sentido
Sermón,sermon
Serpiente,serpiente
Servicio,servicio
Sierra,sierra
Siervo,siervo
Sinfonía,sinfonia
Sigilo,sigilo
Sílaba,silaba
Silvar,silvar
Silencio,silencio
Silicio,silicio
Sillón,sillon
Sima,sima
Símbolo,simbolo
Simbólico,simbolico
Simpatía,simpatia
Simpático,simpatico
Simplificar,simplificar
Simulacro,simulacro
Simultáneo,simultaneo
Sindicato,sindicato
Sinergia,sinergia
Singular,singular
Síntoma,sintoma
Sintonía,sintonia
Sobar,sobar
Soberbia,soberbia
Sobre,sobre
Solapar,solapar
Solemne,solemne
Soldado,soldado
Soldar,soldar
Solicitud,solicitud
Solidario,solidario
Solsticio,solsticio
Suave,suave
Solvente,solvente
Soltero,soltero
Solventar,solventar
Suavizante,suavizante
Suavizar,suavizar
Subasta,subasta
Subastar,subastar
Súbdito,subdito
Submarino,submarino
Subsuelo,subsuelo
Sulfato,sulfato
Sulfuro,sulfuro
Sultán,sultan
Suspenso,suspenso
Suscripción,suscripcion
Suspirar,suspirar
Taza,taza
Teléfono,telefono
Tijeras,tijeras
Túnel,tunel
Turismo,turismo
Turista,turista
Tigre,tigre
Tiburón,tiburon
Tenedor,tenedor
Técnico,tecnico
Tambor,tambor
Tecnología,tecnologia
Tornado,tornado
Tarta,tarta
Tomar,tomar
Taco,taco
Tortilla,tortilla
Tostada,tostada
Tortuga,tortuga
Tomate,tomate
Topo,topo
Tirar,tirar
Títere,titere
Telecomunicaciones,telecomunicaciones
Transporte,transporte
Terrestre,terrestre
Terremoto,terremoto
Tutor,tutor
Tornillo,tornillo
Televisión,television
Uva,uva
Uno,uno
Uña,uña
Uniforme,uniforme
Último,ultimo
Unicornio,unicornio
Ungüento,ungüento
Úlcera,ulcera
Ubicación,ubicacion
Urna,urna
Umbral,umbral
Ultravioleta,ultravioleta
Utilidad,utilidad
Utensilio,utensilio
Universo,universo
Universidad,universidad
Unidad,unidad
Unión,union
Urbanismo,urbanismo
Urgencia,urgencia
Usted,usted
Usufructo,usufructo
Usurero,usurero
Ubicar,ubicar
Unificar,unificar
Utilizar,utilizar
Unir,unir
Usar,usar
Untar,untar
Usurpar,usurpar
Único,unico
Universal,universal
Unánime,unanime
Útil,util
Vaca,vaca
Vacuna,vacuna
Vino,vino
Viñedo,viñedo
Vacante,vacante
Viajar,viajar
Video,video
Vela,vela
Verde,verde
Verano,verano
Viento,viento
Venta,venta
Ventaja,ventaja
Vender,vender
Vacío,vacio
Ventana,ventana
Volar,volar
Volcán,volcan
Vestido,vestido
Vidrio,vidrio
Vicio,vicio
Ventilador,ventilador
Verduras,verduras
Vaso,vaso
Violín,violin
Valle,valle
Villa,villa
Voleibol,voleibol
Vehículo,vehiculo
Vikingo,vikingo
Voluntario,voluntario
Voluntariado,voluntariado
Volumen,volumen
Valor,valor
Velero,velero
Vocación,vocacion
Viudo,viudo
Vector,vector
Vertical,vertical
Vértice,vertice
Vaselina,vaselina
Virus,virus
Vasectomía,vasectomia
Várices,varices
Viruela,viruela
Vodka,vodka
Voltaje,voltaje
Violonchelo,violonchelo
Virtual,virtual
Vanidad,vanidad
Venezuela,venezuela
Vomito,vomito
Vulgar,vulgar
Web,web
Whisky,whisky
Waterpolo,waterpolo
Wi–Fi,wi–fi
Wafle,wafle
Xilófono,xilofono
Xenofobia,xenofobia
Yate,yate
Yoyó,yoyo
Yoga,yoga
Yanqui,yanqui
Yarda,yarda
Yeso,yeso
Yegua,yegua
Yedra,yedra
Yen,yen
Yunque,yunque
Yema,yema
Yogur,yogur
Yodo,yodo
Yoduro,yoduro
Yerba,yerba
Yerbabuena,yerbabuena
Yugular,yugular
Yerno,yerno
Yacimiento,yacimiento
Yugoslavia,yugoslavia
Yute,yute
Yucatán,yucatan
Yeti,yeti
Zapato,zapato
Zafiro,zafiro
Zarigüeya,zarigüeya
Zambullir,zambullir
Zanahoria,zanahoria
Zancudo,zancudo
Zancada,zancada
Zapatilla,zapatilla
Zacate,zacate
Zaguán,zaguan
Zanja,zanja
Zapote,zapote
Zar,zar
Zarpar,zarpar
Zorro,zorro
Zumo,zumo
Zoológico,zoologico
Zurdo,zurdo
Zócalo,zocalo
Zorrillo,zorrillo
Zopilote,zopilote
Zumba,zumba
Atar,atar
Administrar,administrar
Amar,amar
Atacar,atacar
Asistir,asistir
Bailar,bailar
Bajar,bajar
Babear,babear
Barrer,barrer
Beber,beber
Besar,besar
Batir,batir
Bostezar,bostezar
Calcular,calcular
Cancelar,cancelar
Cantar,cantar
Celebrar,celebrar
Chatear,chatear
Clasificar,clasificar
Coleccionar,coleccionar
Comerciar,comerciar
Cerrar,cerrar
Gastar,gastar
Girar,girar
Hallar,hallar
Planchar,planchar
Pernotar,pernotar
Popularizar,popularizar
Picar,picar
Profesionalizar,profesionalizar
Palabrear,palabrear
Querer,querer
Quemar,quemar
Quebrar,quebrar
Quitar,quitar
Respirar,respirar
Rodear,rodear
Reciclar,reciclar
Reunir,reunir
Regalar,regalar
Reutilizar,reutilizar
Reducir,reducir
Remover,remover
Reír,reir
Adjetivos,adjetivos
Aburrido,aburrido
Ácido,acido
Artificial,artificial
Amargo,amargo
Antiguo,antiguo
Amigable,amigable
Astuto,astuto
Enamorado,enamorado
Enojado,enojado
Feo,feo
Famoso,famoso
Fácil,facil
Filoso,filoso
Fiel,fiel
Feliz,feliz
Generoso,generoso
Gigante,gigante
Gratis,gratis
Gracioso,gracioso
Hábil,habil
Honorable,honorable
Horneado,horneado
Honesto,honesto
Popular,popular
Pacífico,pacifico
Quemado,quemado
Quieto,quieto
Quebradizo,quebradizo
Quejoso,quejoso
Colores,colores
Amarillo,amarillo
Azul,azul
Profesiones,profesiones
Abogado,abogado
Actor,actor
Agrónomo,agronomo
Astrónomo,astronomo
Asesor,asesor
Animador,animador
Arquitecto,arquitecto
Administrador,administrador
Artista,artista
Actuario,actuario
Gimnasta,gimnasta
Ganadero,ganadero
Granjero,granjero
Galería,galeria
Lugar,lugar
Alemania,alemania
Argentina,argentina
Afganistán,afganistan
Andorra,andorra
Albania,albania
Colombia,colombia
Caracas,caracas
Cartagena,cartagena
Holanda,holanda
Honduras,honduras
Habana,habana
Haya,haya
Haití,haiti
Ontario,ontario
Xochimilco,xochimilco